pacto,comuna,votos
Apruebo Dignidad,ALGARROBO,1305
Del pueblo,ALGARROBO,1246
Lista del apruebo,ALGARROBO,979
Nueva Constitucion,ALGARROBO,417
Otros,ALGARROBO,916
Vamos por Chile,ALGARROBO,1943
Apruebo Dignidad,ALHUE,604
Del pueblo,ALHUE,413
Lista del apruebo,ALHUE,973
Nueva Constitucion,ALHUE,296
Otros,ALHUE,180
Vamos por Chile,ALHUE,363
Apruebo Dignidad,ALTO BIOBIO,37
Lista del apruebo,ALTO BIOBIO,88
Nueva Constitucion,ALTO BIOBIO,76
Otros,ALTO BIOBIO,153
Vamos por Chile,ALTO BIOBIO,120
Apruebo Dignidad,ALTO DEL CARMEN,158
Del pueblo,ALTO DEL CARMEN,693
Lista del apruebo,ALTO DEL CARMEN,141
Nueva Constitucion,ALTO DEL CARMEN,126
Otros,ALTO DEL CARMEN,70
Vamos por Chile,ALTO DEL CARMEN,439
Apruebo Dignidad,ALTO HOSPICIO,3178
Lista del apruebo,ALTO HOSPICIO,2505
Otros,ALTO HOSPICIO,8034
Vamos por Chile,ALTO HOSPICIO,1933
Apruebo Dignidad,ANCUD,919
Del pueblo,ANCUD,1911
Lista del apruebo,ANCUD,3731
Nueva Constitucion,ANCUD,1114
Otros,ANCUD,1669
Vamos por Chile,ANCUD,2551
Apruebo Dignidad,ANDACOLLO,733
Del pueblo,ANDACOLLO,1389
Lista del apruebo,ANDACOLLO,1005
Otros,ANDACOLLO,1452
Vamos por Chile,ANDACOLLO,488
Apruebo Dignidad,ANGOL,675
Del pueblo,ANGOL,1409
Lista del apruebo,ANGOL,2100
Nueva Constitucion,ANGOL,1781
Otros,ANGOL,2778
Vamos por Chile,ANGOL,4968
Apruebo Dignidad,ANTOFAGASTA,14617
Del pueblo,ANTOFAGASTA,11656
Lista del apruebo,ANTOFAGASTA,9689
Nueva Constitucion,ANTOFAGASTA,6999
Otros,ANTOFAGASTA,40556
Vamos por Chile,ANTOFAGASTA,14298
Apruebo Dignidad,ANTUCO,234
Lista del apruebo,ANTUCO,579
Nueva Constitucion,ANTUCO,316
Otros,ANTUCO,474
Vamos por Chile,ANTUCO,337
Apruebo Dignidad,ARAUCO,2985
Lista del apruebo,ARAUCO,1025
Nueva Constitucion,ARAUCO,1570
Otros,ARAUCO,2950
Vamos por Chile,ARAUCO,1896
Apruebo Dignidad,ARICA,9163
Lista del apruebo,ARICA,9790
Nueva Constitucion,ARICA,6609
Otros,ARICA,22256
Vamos por Chile,ARICA,7872
Apruebo Dignidad,AYSEN,9175
Del pueblo,AYSEN,727
Lista del apruebo,AYSEN,9801
Nueva Constitucion,AYSEN,6605
Otros,AYSEN,22256
Vamos por Chile,AYSEN,7939
Apruebo Dignidad,BUIN,7006
Del pueblo,BUIN,4986
Lista del apruebo,BUIN,6501
Nueva Constitucion,BUIN,3632
Otros,BUIN,3345
Vamos por Chile,BUIN,6557
Apruebo Dignidad,BULNES,841
Del pueblo,BULNES,1261
Lista del apruebo,BULNES,1061
Nueva Constitucion,BULNES,1003
Otros,BULNES,1381
Vamos por Chile,BULNES,2017
Apruebo Dignidad,CABILDO,3215
Del pueblo,CABILDO,692
Lista del apruebo,CABILDO,1160
Nueva Constitucion,CABILDO,520
Otros,CABILDO,939
Vamos por Chile,CABILDO,643
Apruebo Dignidad,CABO DE HORNOS(EX-NAVARINO) Y ANTARTICA,58
Del pueblo,CABO DE HORNOS(EX-NAVARINO) Y ANTARTICA,91
Lista del apruebo,CABO DE HORNOS(EX-NAVARINO) Y ANTARTICA,110
Nueva Constitucion,CABO DE HORNOS(EX-NAVARINO) Y ANTARTICA,50
Otros,CABO DE HORNOS(EX-NAVARINO) Y ANTARTICA,131
Vamos por Chile,CABO DE HORNOS(EX-NAVARINO) Y ANTARTICA,156
Apruebo Dignidad,CABRERO,1295
Lista del apruebo,CABRERO,1078
Nueva Constitucion,CABRERO,1949
Otros,CABRERO,3478
Vamos por Chile,CABRERO,1467
Apruebo Dignidad,CALAMA,6152
Del pueblo,CALAMA,7179
Lista del apruebo,CALAMA,2896
Nueva Constitucion,CALAMA,4655
Otros,CALAMA,11145
Vamos por Chile,CALAMA,5146
Apruebo Dignidad,CALBUCO,1576
Del pueblo,CALBUCO,1489
Lista del apruebo,CALBUCO,1013
Nueva Constitucion,CALBUCO,1485
Otros,CALBUCO,1034
Vamos por Chile,CALBUCO,1725
Apruebo Dignidad,CALDERA,1057
Del pueblo,CALDERA,987
Lista del apruebo,CALDERA,1280
Nueva Constitucion,CALDERA,955
Otros,CALDERA,839
Vamos por Chile,CALDERA,707
Apruebo Dignidad,CALERA,2839
Del pueblo,CALERA,3360
Lista del apruebo,CALERA,2514
Nueva Constitucion,CALERA,1564
Otros,CALERA,5456
Vamos por Chile,CALERA,1958
Apruebo Dignidad,CALERA DE TANGO,2767
Del pueblo,CALERA DE TANGO,1553
Lista del apruebo,CALERA DE TANGO,1726
Nueva Constitucion,CALERA DE TANGO,1132
Otros,CALERA DE TANGO,530
Vamos por Chile,CALERA DE TANGO,2973
Apruebo Dignidad,CALLE LARGA,588
Del pueblo,CALLE LARGA,851
Lista del apruebo,CALLE LARGA,1235
Nueva Constitucion,CALLE LARGA,493
Otros,CALLE LARGA,1204
Vamos por Chile,CALLE LARGA,736
Apruebo Dignidad,CAMARONES,112
Lista del apruebo,CAMARONES,148
Nueva Constitucion,CAMARONES,86
Otros,CAMARONES,339
Vamos por Chile,CAMARONES,152
Apruebo Dignidad,CAMINA,30
Lista del apruebo,CAMINA,7
Otros,CAMINA,227
Vamos por Chile,CAMINA,65
Apruebo Dignidad,CANELA,1013
Del pueblo,CANELA,1482
Lista del apruebo,CANELA,411
Otros,CANELA,1059
Vamos por Chile,CANELA,473
Apruebo Dignidad,CANETE,1875
Lista del apruebo,CANETE,567
Nueva Constitucion,CANETE,729
Otros,CANETE,1449
Vamos por Chile,CANETE,1899
Apruebo Dignidad,CARAHUE,375
Del pueblo,CARAHUE,4420
Lista del apruebo,CARAHUE,391
Nueva Constitucion,CARAHUE,328
Otros,CARAHUE,909
Vamos por Chile,CARAHUE,868
Apruebo Dignidad,CARTAGENA,1829
Del pueblo,CARTAGENA,1254
Lista del apruebo,CARTAGENA,1195
Nueva Constitucion,CARTAGENA,599
Otros,CARTAGENA,1244
Vamos por Chile,CARTAGENA,1247
Apruebo Dignidad,CASABLANCA,1920
Del pueblo,CASABLANCA,1595
Lista del apruebo,CASABLANCA,2205
Nueva Constitucion,CASABLANCA,576
Otros,CASABLANCA,1196
Vamos por Chile,CASABLANCA,1902
Apruebo Dignidad,CASTRO,967
Del pueblo,CASTRO,3888
Lista del apruebo,CASTRO,4443
Nueva Constitucion,CASTRO,1009
Otros,CASTRO,649
Vamos por Chile,CASTRO,1635
Apruebo Dignidad,CATEMU,434
Del pueblo,CATEMU,570
Lista del apruebo,CATEMU,1348
Nueva Constitucion,CATEMU,375
Otros,CATEMU,1962
Vamos por Chile,CATEMU,445
Apruebo Dignidad,CAUQUENES,434
Del pueblo,CAUQUENES,3008
Lista del apruebo,CAUQUENES,1348
Nueva Constitucion,CAUQUENES,375
Otros,CAUQUENES,1962
Vamos por Chile,CAUQUENES,445
Apruebo Dignidad,CERRILLOS,8692
Del pueblo,CERRILLOS,4900
Lista del apruebo,CERRILLOS,2807
Otros,CERRILLOS,6108
Vamos por Chile,CERRILLOS,4217
Apruebo Dignidad,CERRO NAVIA,10167
Del pueblo,CERRO NAVIA,21341
Lista del apruebo,CERRO NAVIA,3868
Nueva Constitucion,CERRO NAVIA,3757
Otros,CERRO NAVIA,9782
Vamos por Chile,CERRO NAVIA,3307
Apruebo Dignidad,CHAITEN,111
Del pueblo,CHAITEN,67
Lista del apruebo,CHAITEN,121
Nueva Constitucion,CHAITEN,901
Otros,CHAITEN,97
Vamos por Chile,CHAITEN,366
Apruebo Dignidad,CHANARAL,701
Del pueblo,CHANARAL,540
Lista del apruebo,CHANARAL,527
Nueva Constitucion,CHANARAL,403
Otros,CHANARAL,2208
Vamos por Chile,CHANARAL,291
Apruebo Dignidad,CHANCO,428
Del pueblo,CHANCO,2092
Lista del apruebo,CHANCO,546
Vamos por Chile,CHANCO,1015
Apruebo Dignidad,CHEPICA,994
Del pueblo,CHEPICA,368
Lista del apruebo,CHEPICA,1148
Otros,CHEPICA,1130
Vamos por Chile,CHEPICA,1329
Apruebo Dignidad,CHIGUAYANTE,4368
Del pueblo,CHIGUAYANTE,3234
Lista del apruebo,CHIGUAYANTE,4473
Nueva Constitucion,CHIGUAYANTE,3216
Otros,CHIGUAYANTE,7715
Vamos por Chile,CHIGUAYANTE,5073
Apruebo Dignidad,CHILE CHICO,303
Del pueblo,CHILE CHICO,390
Lista del apruebo,CHILE CHICO,521
Otros,CHILE CHICO,206
Vamos por Chile,CHILE CHICO,426
Apruebo Dignidad,CHILLAN,5109
Del pueblo,CHILLAN,12511
Lista del apruebo,CHILLAN,7415
Nueva Constitucion,CHILLAN,7155
Otros,CHILLAN,7415
Vamos por Chile,CHILLAN,12383
Apruebo Dignidad,CHILLAN VIEJO,882
Del pueblo,CHILLAN VIEJO,1876
Lista del apruebo,CHILLAN VIEJO,1271
Nueva Constitucion,CHILLAN VIEJO,1578
Otros,CHILLAN VIEJO,1713
Vamos por Chile,CHILLAN VIEJO,1712
Apruebo Dignidad,CHIMBARONGO,882
Del pueblo,CHIMBARONGO,930
Lista del apruebo,CHIMBARONGO,1271
Nueva Constitucion,CHIMBARONGO,1578
Otros,CHIMBARONGO,1713
Vamos por Chile,CHIMBARONGO,1712
Apruebo Dignidad,CHOLCHOL,211
Del pueblo,CHOLCHOL,339
Lista del apruebo,CHOLCHOL,254
Nueva Constitucion,CHOLCHOL,207
Otros,CHOLCHOL,640
Vamos por Chile,CHOLCHOL,324
Apruebo Dignidad,CHONCHI,316
Del pueblo,CHONCHI,1122
Lista del apruebo,CHONCHI,1648
Nueva Constitucion,CHONCHI,334
Otros,CHONCHI,234
Vamos por Chile,CHONCHI,765
Apruebo Dignidad,CISNES,241
Del pueblo,CISNES,330
Lista del apruebo,CISNES,270
Otros,CISNES,170
Vamos por Chile,CISNES,679
Apruebo Dignidad,COBQUECURA,579
Del pueblo,COBQUECURA,564
Lista del apruebo,COBQUECURA,310
Nueva Constitucion,COBQUECURA,367
Otros,COBQUECURA,372
Vamos por Chile,COBQUECURA,652
Apruebo Dignidad,COCHAMO,206
Del pueblo,COCHAMO,196
Lista del apruebo,COCHAMO,182
Nueva Constitucion,COCHAMO,273
Otros,COCHAMO,139
Vamos por Chile,COCHAMO,420
Apruebo Dignidad,COCHRANE,206
Del pueblo,COCHRANE,196
Lista del apruebo,COCHRANE,182
Nueva Constitucion,COCHRANE,273
Otros,COCHRANE,139
Vamos por Chile,COCHRANE,420
Apruebo Dignidad,CODEGUA,555
Del pueblo,CODEGUA,1344
Lista del apruebo,CODEGUA,782
Otros,CODEGUA,2318
Vamos por Chile,CODEGUA,726
Apruebo Dignidad,COELEMU,628
Del pueblo,COELEMU,1494
Lista del apruebo,COELEMU,973
Nueva Constitucion,COELEMU,830
Otros,COELEMU,1232
Vamos por Chile,COELEMU,1789
Apruebo Dignidad,COIHUECO,1252
Del pueblo,COIHUECO,819
Lista del apruebo,COIHUECO,1038
Nueva Constitucion,COIHUECO,792
Otros,COIHUECO,949
Vamos por Chile,COIHUECO,2311
Apruebo Dignidad,COINCO,312
Del pueblo,COINCO,585
Lista del apruebo,COINCO,671
Otros,COINCO,1231
Vamos por Chile,COINCO,608
Apruebo Dignidad,COLBUN,1123
Del pueblo,COLBUN,3006
Lista del apruebo,COLBUN,2416
Vamos por Chile,COLBUN,1573
Apruebo Dignidad,COLCHANE,6
Lista del apruebo,COLCHANE,5
Otros,COLCHANE,87
Vamos por Chile,COLCHANE,34
Apruebo Dignidad,COLINA,8017
Del pueblo,COLINA,4085
Lista del apruebo,COLINA,4405
Otros,COLINA,6936
Vamos por Chile,COLINA,15261
Apruebo Dignidad,COLLIPULLI,307
Del pueblo,COLLIPULLI,803
Lista del apruebo,COLLIPULLI,1009
Nueva Constitucion,COLLIPULLI,779
Otros,COLLIPULLI,1095
Vamos por Chile,COLLIPULLI,1979
Apruebo Dignidad,COLTAUCO,336
Del pueblo,COLTAUCO,638
Lista del apruebo,COLTAUCO,846
Otros,COLTAUCO,4277
Vamos por Chile,COLTAUCO,1041
Apruebo Dignidad,COMBARBALA,336
Del pueblo,COMBARBALA,837
Lista del apruebo,COMBARBALA,846
Otros,COMBARBALA,4277
Vamos por Chile,COMBARBALA,1041
Apruebo Dignidad,CONCEPCION,10061
Del pueblo,CONCEPCION,7475
Lista del apruebo,CONCEPCION,12261
Nueva Constitucion,CONCEPCION,9456
Otros,CONCEPCION,19632
Vamos por Chile,CONCEPCION,17446
Apruebo Dignidad,CONCHALI,10061
Lista del apruebo,CONCHALI,12261
Nueva Constitucion,CONCHALI,9456
Otros,CONCHALI,19632
Vamos por Chile,CONCHALI,17446
Apruebo Dignidad,CONCON,7789
Del pueblo,CONCON,2997
Lista del apruebo,CONCON,4144
Nueva Constitucion,CONCON,3933
Otros,CONCON,12246
Vamos por Chile,CONCON,4465
Apruebo Dignidad,CONSTITUCION,3326
Del pueblo,CONSTITUCION,1416
Lista del apruebo,CONSTITUCION,1327
Nueva Constitucion,CONSTITUCION,1327
Otros,CONSTITUCION,4953
Vamos por Chile,CONSTITUCION,3458
Apruebo Dignidad,CONTULMO,377
Lista del apruebo,CONTULMO,140
Nueva Constitucion,CONTULMO,317
Otros,CONTULMO,632
Vamos por Chile,CONTULMO,619
Apruebo Dignidad,COPIAPO,7972
Del pueblo,COPIAPO,8957
Lista del apruebo,COPIAPO,5180
Nueva Constitucion,COPIAPO,7665
Otros,COPIAPO,4967
Vamos por Chile,COPIAPO,5141
Apruebo Dignidad,COQUIMBO,9548
Del pueblo,COQUIMBO,14687
Lista del apruebo,COQUIMBO,10828
Otros,COQUIMBO,16429
Vamos por Chile,COQUIMBO,7288
Apruebo Dignidad,CORONEL,8602
Del pueblo,CORONEL,4555
Lista del apruebo,CORONEL,3637
Nueva Constitucion,CORONEL,3561
Otros,CORONEL,8105
Vamos por Chile,CORONEL,4387
Apruebo Dignidad,CORRAL,254
Del pueblo,CORRAL,404
Lista del apruebo,CORRAL,650
Nueva Constitucion,CORRAL,255
Otros,CORRAL,474
Vamos por Chile,CORRAL,268
Apruebo Dignidad,COYHAIQUE,3868
Del pueblo,COYHAIQUE,2631
Lista del apruebo,COYHAIQUE,4180
Otros,COYHAIQUE,2004
Vamos por Chile,COYHAIQUE,4529
Apruebo Dignidad,CUNCO,568
Del pueblo,CUNCO,711
Lista del apruebo,CUNCO,595
Nueva Constitucion,CUNCO,605
Otros,CUNCO,1349
Vamos por Chile,CUNCO,1210
Apruebo Dignidad,CURACAUTIN,130
Del pueblo,CURACAUTIN,760
Lista del apruebo,CURACAUTIN,1607
Nueva Constitucion,CURACAUTIN,382
Otros,CURACAUTIN,1255
Vamos por Chile,CURACAUTIN,1107
Apruebo Dignidad,CURACAVI,2742
Del pueblo,CURACAVI,1881
Lista del apruebo,CURACAVI,2114
Nueva Constitucion,CURACAVI,1948
Otros,CURACAVI,769
Vamos por Chile,CURACAVI,2683
Apruebo Dignidad,CURACO DE VELEZ,74
Del pueblo,CURACO DE VELEZ,304
Lista del apruebo,CURACO DE VELEZ,646
Nueva Constitucion,CURACO DE VELEZ,101
Otros,CURACO DE VELEZ,90
Vamos por Chile,CURACO DE VELEZ,179
Apruebo Dignidad,CURANILAHUE,4154
Lista del apruebo,CURANILAHUE,809
Nueva Constitucion,CURANILAHUE,1386
Otros,CURANILAHUE,2613
Vamos por Chile,CURANILAHUE,1350
Apruebo Dignidad,CURARREHUE,199
Del pueblo,CURARREHUE,424
Lista del apruebo,CURARREHUE,108
Nueva Constitucion,CURARREHUE,102
Otros,CURARREHUE,442
Vamos por Chile,CURARREHUE,374
Apruebo Dignidad,CUREPTO,1456
Del pueblo,CUREPTO,294
Lista del apruebo,CUREPTO,368
Nueva Constitucion,CUREPTO,296
Otros,CUREPTO,571
Vamos por Chile,CUREPTO,1040
Apruebo Dignidad,CURICO,7196
Del pueblo,CURICO,7131
Lista del apruebo,CURICO,9588
Nueva Constitucion,CURICO,3852
Otros,CURICO,5832
Vamos por Chile,CURICO,10300
Apruebo Dignidad,DALCAHUE,263
Del pueblo,DALCAHUE,1021
Lista del apruebo,DALCAHUE,1442
Nueva Constitucion,DALCAHUE,387
Otros,DALCAHUE,253
Vamos por Chile,DALCAHUE,594
Apruebo Dignidad,DIEGO DE ALMAGRO,1790
Del pueblo,DIEGO DE ALMAGRO,590
Lista del apruebo,DIEGO DE ALMAGRO,430
Nueva Constitucion,DIEGO DE ALMAGRO,564
Otros,DIEGO DE ALMAGRO,675
Vamos por Chile,DIEGO DE ALMAGRO,420
Apruebo Dignidad,DONIHUE,778
Del pueblo,DONIHUE,1554
Lista del apruebo,DONIHUE,1460
Otros,DONIHUE,3626
Vamos por Chile,DONIHUE,1103
Apruebo Dignidad,EL BOSQUE,6321
Del pueblo,EL BOSQUE,12640
Lista del apruebo,EL BOSQUE,11840
Otros,EL BOSQUE,11752
Vamos por Chile,EL BOSQUE,6164
Apruebo Dignidad,EL CARMEN,426
Del pueblo,EL CARMEN,929
Lista del apruebo,EL CARMEN,733
Nueva Constitucion,EL CARMEN,638
Otros,EL CARMEN,858
Vamos por Chile,EL CARMEN,1527
Apruebo Dignidad,EL MONTE,426
Del pueblo,EL MONTE,4871
Lista del apruebo,EL MONTE,733
Nueva Constitucion,EL MONTE,638
Otros,EL MONTE,858
Vamos por Chile,EL MONTE,1527
Apruebo Dignidad,EL QUISCO,1680
Del pueblo,EL QUISCO,1382
Lista del apruebo,EL QUISCO,1239
Nueva Constitucion,EL QUISCO,469
Otros,EL QUISCO,985
Vamos por Chile,EL QUISCO,1182
Apruebo Dignidad,EL TABO,1330
Del pueblo,EL TABO,1322
Lista del apruebo,EL TABO,1053
Nueva Constitucion,EL TABO,533
Otros,EL TABO,995
Vamos por Chile,EL TABO,1024
Apruebo Dignidad,EMPEDRADO,399
Del pueblo,EMPEDRADO,195
Lista del apruebo,EMPEDRADO,177
Nueva Constitucion,EMPEDRADO,159
Otros,EMPEDRADO,374
Vamos por Chile,EMPEDRADO,827
Apruebo Dignidad,ERCILLA,399
Del pueblo,ERCILLA,200
Lista del apruebo,ERCILLA,177
Nueva Constitucion,ERCILLA,159
Otros,ERCILLA,374
Vamos por Chile,ERCILLA,827
Apruebo Dignidad,ESTACION CENTRAL,16951
Del pueblo,ESTACION CENTRAL,7207
Lista del apruebo,ESTACION CENTRAL,5198
Otros,ESTACION CENTRAL,8981
Vamos por Chile,ESTACION CENTRAL,6580
Apruebo Dignidad,FLORIDA,375
Del pueblo,FLORIDA,173
Lista del apruebo,FLORIDA,431
Nueva Constitucion,FLORIDA,374
Otros,FLORIDA,1638
Vamos por Chile,FLORIDA,732
Apruebo Dignidad,FREIRE,465
Del pueblo,FREIRE,472
Lista del apruebo,FREIRE,565
Nueva Constitucion,FREIRE,524
Otros,FREIRE,1242
Vamos por Chile,FREIRE,986
Apruebo Dignidad,FREIRINA,375
Del pueblo,FREIRINA,828
Lista del apruebo,FREIRINA,381
Nueva Constitucion,FREIRINA,611
Otros,FREIRINA,144
Vamos por Chile,FREIRINA,201
Apruebo Dignidad,FRESIA,1222
Del pueblo,FRESIA,154
Lista del apruebo,FRESIA,688
Nueva Constitucion,FRESIA,321
Otros,FRESIA,368
Vamos por Chile,FRESIA,1286
Apruebo Dignidad,FRUTILLAR,708
Del pueblo,FRUTILLAR,347
Lista del apruebo,FRUTILLAR,1525
Nueva Constitucion,FRUTILLAR,559
Otros,FRUTILLAR,929
Vamos por Chile,FRUTILLAR,2148
Apruebo Dignidad,FUTALEUFU,73
Del pueblo,FUTALEUFU,67
Lista del apruebo,FUTALEUFU,90
Nueva Constitucion,FUTALEUFU,622
Otros,FUTALEUFU,73
Vamos por Chile,FUTALEUFU,289
Apruebo Dignidad,FUTRONO,267
Del pueblo,FUTRONO,383
Lista del apruebo,FUTRONO,1656
Nueva Constitucion,FUTRONO,285
Otros,FUTRONO,687
Vamos por Chile,FUTRONO,1033
Apruebo Dignidad,GALVARINO,80
Del pueblo,GALVARINO,327
Lista del apruebo,GALVARINO,1025
Nueva Constitucion,GALVARINO,217
Otros,GALVARINO,409
Vamos por Chile,GALVARINO,724
Apruebo Dignidad,GENERAL LAGOS,12
Lista del apruebo,GENERAL LAGOS,10
Nueva Constitucion,GENERAL LAGOS,12
Otros,GENERAL LAGOS,31
Vamos por Chile,GENERAL LAGOS,18
Apruebo Dignidad,GORBEA,477
Del pueblo,GORBEA,581
Lista del apruebo,GORBEA,907
Nueva Constitucion,GORBEA,532
Otros,GORBEA,1069
Vamos por Chile,GORBEA,1395
Apruebo Dignidad,GRANEROS,900
Del pueblo,GRANEROS,1357
Lista del apruebo,GRANEROS,1073
Otros,GRANEROS,7418
Vamos por Chile,GRANEROS,1260
Apruebo Dignidad,GUAITECAS,108
Del pueblo,GUAITECAS,45
Lista del apruebo,GUAITECAS,169
Otros,GUAITECAS,42
Vamos por Chile,GUAITECAS,119
Apruebo Dignidad,HIJUELAS,1101
Del pueblo,HIJUELAS,1062
Lista del apruebo,HIJUELAS,753
Nueva Constitucion,HIJUELAS,948
Otros,HIJUELAS,1356
Vamos por Chile,HIJUELAS,1132
Apruebo Dignidad,HUALAIHUE,275
Del pueblo,HUALAIHUE,266
Lista del apruebo,HUALAIHUE,446
Nueva Constitucion,HUALAIHUE,799
Otros,HUALAIHUE,277
Vamos por Chile,HUALAIHUE,470
Apruebo Dignidad,HUALANE,403
Del pueblo,HUALANE,401
Lista del apruebo,HUALANE,1138
Nueva Constitucion,HUALANE,239
Otros,HUALANE,1350
Vamos por Chile,HUALANE,1141
Apruebo Dignidad,HUALPEN,3847
Del pueblo,HUALPEN,3944
Lista del apruebo,HUALPEN,4387
Nueva Constitucion,HUALPEN,3572
Otros,HUALPEN,11545
Vamos por Chile,HUALPEN,4241
Apruebo Dignidad,HUALQUI,918
Del pueblo,HUALQUI,966
Lista del apruebo,HUALQUI,1000
Nueva Constitucion,HUALQUI,997
Otros,HUALQUI,2855
Vamos por Chile,HUALQUI,1152
Apruebo Dignidad,HUARA,350
Lista del apruebo,HUARA,73
Otros,HUARA,485
Vamos por Chile,HUARA,216
Apruebo Dignidad,HUASCO,344
Del pueblo,HUASCO,2065
Lista del apruebo,HUASCO,473
Nueva Constitucion,HUASCO,439
Otros,HUASCO,248
Vamos por Chile,HUASCO,309
Apruebo Dignidad,HUECHURABA,5676
Del pueblo,HUECHURABA,6875
Lista del apruebo,HUECHURABA,3745
Nueva Constitucion,HUECHURABA,3489
Otros,HUECHURABA,8183
Vamos por Chile,HUECHURABA,5985
Apruebo Dignidad,ILLAPEL,1131
Del pueblo,ILLAPEL,4332
Lista del apruebo,ILLAPEL,1785
Otros,ILLAPEL,2706
Vamos por Chile,ILLAPEL,1550
Apruebo Dignidad,INDEPENDENCIA,6048
Del pueblo,INDEPENDENCIA,6444
Lista del apruebo,INDEPENDENCIA,2593
Nueva Constitucion,INDEPENDENCIA,2628
Otros,INDEPENDENCIA,6754
Vamos por Chile,INDEPENDENCIA,4614
Apruebo Dignidad,IQUIQUE,13877
Lista del apruebo,IQUIQUE,5433
Otros,IQUIQUE,24957
Vamos por Chile,IQUIQUE,11954
Apruebo Dignidad,ISLA DE MAIPO,2649
Del pueblo,ISLA DE MAIPO,3129
Lista del apruebo,ISLA DE MAIPO,2258
Nueva Constitucion,ISLA DE MAIPO,1289
Otros,ISLA DE MAIPO,836
Vamos por Chile,ISLA DE MAIPO,2388
Apruebo Dignidad,ISLA DE PASCUA,206
Del pueblo,ISLA DE PASCUA,309
Lista del apruebo,ISLA DE PASCUA,185
Nueva Constitucion,ISLA DE PASCUA,109
Otros,ISLA DE PASCUA,226
Vamos por Chile,ISLA DE PASCUA,311
Apruebo Dignidad,JUAN FERNANDEZ,9
Del pueblo,JUAN FERNANDEZ,14
Lista del apruebo,JUAN FERNANDEZ,17
Nueva Constitucion,JUAN FERNANDEZ,14
Otros,JUAN FERNANDEZ,483
Vamos por Chile,JUAN FERNANDEZ,33
Apruebo Dignidad,LA CISTERNA,4189
Del pueblo,LA CISTERNA,7814
Lista del apruebo,LA CISTERNA,6972
Otros,LA CISTERNA,9109
Vamos por Chile,LA CISTERNA,5498
Apruebo Dignidad,LA CRUZ,1302
Del pueblo,LA CRUZ,1273
Lista del apruebo,LA CRUZ,1027
Nueva Constitucion,LA CRUZ,689
Otros,LA CRUZ,1852
Vamos por Chile,LA CRUZ,1660
Apruebo Dignidad,LA ESTRELLA,281
Del pueblo,LA ESTRELLA,281
Lista del apruebo,LA ESTRELLA,171
Otros,LA ESTRELLA,936
Vamos por Chile,LA ESTRELLA,475
Apruebo Dignidad,LA FLORIDA,27300
Del pueblo,LA FLORIDA,22900
Lista del apruebo,LA FLORIDA,7920
Nueva Constitucion,LA FLORIDA,26964
Otros,LA FLORIDA,30158
Vamos por Chile,LA FLORIDA,30538
Apruebo Dignidad,LA GRANJA,6459
Del pueblo,LA GRANJA,8687
Lista del apruebo,LA GRANJA,6703
Nueva Constitucion,LA GRANJA,3460
Otros,LA GRANJA,10498
Vamos por Chile,LA GRANJA,3244
Apruebo Dignidad,LA HIGUERA,151
Del pueblo,LA HIGUERA,509
Lista del apruebo,LA HIGUERA,277
Otros,LA HIGUERA,408
Vamos por Chile,LA HIGUERA,342
Apruebo Dignidad,LA LIGUA,5056
Del pueblo,LA LIGUA,1520
Lista del apruebo,LA LIGUA,1578
Nueva Constitucion,LA LIGUA,893
Otros,LA LIGUA,1924
Vamos por Chile,LA LIGUA,1837
Apruebo Dignidad,LA PINTANA,7335
Del pueblo,LA PINTANA,8246
Lista del apruebo,LA PINTANA,3450
Nueva Constitucion,LA PINTANA,12168
Otros,LA PINTANA,9040
Vamos por Chile,LA PINTANA,4021
Apruebo Dignidad,LA REINA,8888
Del pueblo,LA REINA,5752
Lista del apruebo,LA REINA,9928
Nueva Constitucion,LA REINA,2146
Otros,LA REINA,9861
Vamos por Chile,LA REINA,14819
Apruebo Dignidad,LA SERENA,8888
Del pueblo,LA SERENA,5755
Lista del apruebo,LA SERENA,9935
Nueva Constitucion,LA SERENA,2146
Otros,LA SERENA,9861
Vamos por Chile,LA SERENA,11829
Apruebo Dignidad,LA UNION,9066
Del pueblo,LA UNION,1220
Lista del apruebo,LA UNION,10371
Otros,LA UNION,16326
Vamos por Chile,LA UNION,11680
Apruebo Dignidad,LAGO RANCO,235
Del pueblo,LAGO RANCO,283
Lista del apruebo,LAGO RANCO,442
Nueva Constitucion,LAGO RANCO,213
Otros,LAGO RANCO,465
Vamos por Chile,LAGO RANCO,750
Apruebo Dignidad,LAGO VERDE,75
Del pueblo,LAGO VERDE,117
Lista del apruebo,LAGO VERDE,118
Otros,LAGO VERDE,56
Vamos por Chile,LAGO VERDE,205
Apruebo Dignidad,LAGUNA BLANCA,32
Lista del apruebo,LAGUNA BLANCA,54
Nueva Constitucion,LAGUNA BLANCA,34
Otros,LAGUNA BLANCA,117
Vamos por Chile,LAGUNA BLANCA,104
Apruebo Dignidad,LAJA,1047
Lista del apruebo,LAJA,1418
Nueva Constitucion,LAJA,2079
Otros,LAJA,2357
Vamos por Chile,LAJA,1254
Apruebo Dignidad,LAMPA,7775
Del pueblo,LAMPA,4612
Lista del apruebo,LAMPA,3122
Otros,LAMPA,5303
Vamos por Chile,LAMPA,4247
Apruebo Dignidad,LANCO,365
Del pueblo,LANCO,493
Lista del apruebo,LANCO,1360
Nueva Constitucion,LANCO,310
Otros,LANCO,818
Vamos por Chile,LANCO,1028
Apruebo Dignidad,LAS CABRAS,1272
Del pueblo,LAS CABRAS,1805
Lista del apruebo,LAS CABRAS,1194
Otros,LAS CABRAS,2334
Vamos por Chile,LAS CABRAS,1581
Apruebo Dignidad,LAS CONDES,1272
Del pueblo,LAS CONDES,6381
Lista del apruebo,LAS CONDES,1194
Otros,LAS CONDES,4139
Vamos por Chile,LAS CONDES,1581
Apruebo Dignidad,LAUTARO,222
Del pueblo,LAUTARO,1429
Lista del apruebo,LAUTARO,2477
Nueva Constitucion,LAUTARO,1099
Otros,LAUTARO,1858
Vamos por Chile,LAUTARO,1851
Apruebo Dignidad,LEBU,222
Lista del apruebo,LEBU,2477
Nueva Constitucion,LEBU,1099
Otros,LEBU,1858
Vamos por Chile,LEBU,1851
Apruebo Dignidad,LICANTEN,365
Del pueblo,LICANTEN,393
Lista del apruebo,LICANTEN,548
Nueva Constitucion,LICANTEN,303
Otros,LICANTEN,643
Vamos por Chile,LICANTEN,893
Apruebo Dignidad,LIMACHE,2688
Del pueblo,LIMACHE,2390
Lista del apruebo,LIMACHE,1919
Nueva Constitucion,LIMACHE,2482
Otros,LIMACHE,3308
Vamos por Chile,LIMACHE,3449
Apruebo Dignidad,LINARES,4223
Del pueblo,LINARES,9688
Lista del apruebo,LINARES,5962
Vamos por Chile,LINARES,7778
Apruebo Dignidad,LITUECHE,837
Lista del apruebo,LITUECHE,380
Otros,LITUECHE,1177
Vamos por Chile,LITUECHE,931
Apruebo Dignidad,LLAILLAY,3288
Del pueblo,LLAILLAY,1120
Lista del apruebo,LLAILLAY,1173
Nueva Constitucion,LLAILLAY,685
Otros,LLAILLAY,1913
Vamos por Chile,LLAILLAY,842
Apruebo Dignidad,LLANQUIHUE,1103
Del pueblo,LLANQUIHUE,380
Lista del apruebo,LLANQUIHUE,1205
Nueva Constitucion,LLANQUIHUE,603
Otros,LLANQUIHUE,829
Vamos por Chile,LLANQUIHUE,1278
Apruebo Dignidad,LO BARNECHEA,3603
Del pueblo,LO BARNECHEA,2284
Lista del apruebo,LO BARNECHEA,3672
Nueva Constitucion,LO BARNECHEA,873
Otros,LO BARNECHEA,7206
Vamos por Chile,LO BARNECHEA,30654
Apruebo Dignidad,LO ESPEJO,7153
Del pueblo,LO ESPEJO,8583
Lista del apruebo,LO ESPEJO,6822
Otros,LO ESPEJO,8630
Vamos por Chile,LO ESPEJO,2600
Apruebo Dignidad,LO PRADO,6531
Del pueblo,LO PRADO,7342
Lista del apruebo,LO PRADO,4522
Nueva Constitucion,LO PRADO,3605
Otros,LO PRADO,8272
Vamos por Chile,LO PRADO,3029
Apruebo Dignidad,LOLOL,608
Del pueblo,LOLOL,330
Lista del apruebo,LOLOL,640
Otros,LOLOL,842
Vamos por Chile,LOLOL,902
Apruebo Dignidad,LONCOCHE,656
Del pueblo,LONCOCHE,941
Lista del apruebo,LONCOCHE,665
Nueva Constitucion,LONCOCHE,726
Otros,LONCOCHE,1609
Vamos por Chile,LONCOCHE,1252
Apruebo Dignidad,LONGAVI,1267
Del pueblo,LONGAVI,3152
Lista del apruebo,LONGAVI,2674
Vamos por Chile,LONGAVI,2496
Apruebo Dignidad,LONQUIMAY,81
Del pueblo,LONQUIMAY,161
Lista del apruebo,LONQUIMAY,877
Nueva Constitucion,LONQUIMAY,156
Otros,LONQUIMAY,375
Vamos por Chile,LONQUIMAY,732
Apruebo Dignidad,LOS ALAMOS,1257
Lista del apruebo,LOS ALAMOS,525
Nueva Constitucion,LOS ALAMOS,720
Otros,LOS ALAMOS,2186
Vamos por Chile,LOS ALAMOS,1015
Apruebo Dignidad,LOS ANDES,3282
Del pueblo,LOS ANDES,4012
Lista del apruebo,LOS ANDES,3924
Nueva Constitucion,LOS ANDES,2177
Otros,LOS ANDES,5477
Vamos por Chile,LOS ANDES,3476
Apruebo Dignidad,LOS ANGELES,3761
Lista del apruebo,LOS ANGELES,10546
Nueva Constitucion,LOS ANGELES,5990
Otros,LOS ANGELES,12165
Vamos por Chile,LOS ANGELES,11776
Apruebo Dignidad,LOS LAGOS,1200
Del pueblo,LOS LAGOS,505
Lista del apruebo,LOS LAGOS,1948
Nueva Constitucion,LOS LAGOS,390
Otros,LOS LAGOS,875
Vamos por Chile,LOS LAGOS,1052
Apruebo Dignidad,LOS MUERMOS,463
Del pueblo,LOS MUERMOS,216
Lista del apruebo,LOS MUERMOS,924
Nueva Constitucion,LOS MUERMOS,409
Otros,LOS MUERMOS,688
Vamos por Chile,LOS MUERMOS,1705
Apruebo Dignidad,LOS SAUCES,78
Del pueblo,LOS SAUCES,261
Lista del apruebo,LOS SAUCES,444
Nueva Constitucion,LOS SAUCES,385
Otros,LOS SAUCES,429
Vamos por Chile,LOS SAUCES,1060
Apruebo Dignidad,LOS VILOS,773
Del pueblo,LOS VILOS,2339
Lista del apruebo,LOS VILOS,1033
Otros,LOS VILOS,1683
Vamos por Chile,LOS VILOS,909
Apruebo Dignidad,LOTA,3827
Lista del apruebo,LOTA,3383
Nueva Constitucion,LOTA,3491
Otros,LOTA,4464
Vamos por Chile,LOTA,3189
Apruebo Dignidad,LUMACO,59
Del pueblo,LUMACO,223
Lista del apruebo,LUMACO,649
Nueva Constitucion,LUMACO,202
Otros,LUMACO,302
Vamos por Chile,LUMACO,1428
Apruebo Dignidad,MACHALI,3125
Del pueblo,MACHALI,3076
Lista del apruebo,MACHALI,2452
Otros,MACHALI,5631
Vamos por Chile,MACHALI,3813
Apruebo Dignidad,MACUL,9593
Del pueblo,MACUL,6634
Lista del apruebo,MACUL,6677
Nueva Constitucion,MACUL,5365
Otros,MACUL,10699
Vamos por Chile,MACUL,6944
Apruebo Dignidad,MAFIL,217
Del pueblo,MAFIL,257
Lista del apruebo,MAFIL,561
Nueva Constitucion,MAFIL,191
Otros,MAFIL,431
Vamos por Chile,MAFIL,1153
Apruebo Dignidad,MAIPU,65584
Del pueblo,MAIPU,36418
Lista del apruebo,MAIPU,17241
Otros,MAIPU,38687
Vamos por Chile,MAIPU,25315
Apruebo Dignidad,MALLOA,575
Del pueblo,MALLOA,873
Lista del apruebo,MALLOA,738
Otros,MALLOA,1847
Vamos por Chile,MALLOA,952
Apruebo Dignidad,MARCHIGUE,279
Del pueblo,MARCHIGUE,306
Lista del apruebo,MARCHIGUE,252
Otros,MARCHIGUE,2320
Vamos por Chile,MARCHIGUE,606
Apruebo Dignidad,MARIA ELENA,279
Del pueblo,MARIA ELENA,350
Lista del apruebo,MARIA ELENA,252
Otros,MARIA ELENA,2320
Vamos por Chile,MARIA ELENA,606
Apruebo Dignidad,MARIA PINTO,1184
Del pueblo,MARIA PINTO,720
Lista del apruebo,MARIA PINTO,1045
Nueva Constitucion,MARIA PINTO,630
Otros,MARIA PINTO,263
Vamos por Chile,MARIA PINTO,1112
Apruebo Dignidad,MARIQUINA,529
Del pueblo,MARIQUINA,641
Lista del apruebo,MARIQUINA,1211
Nueva Constitucion,MARIQUINA,400
Otros,MARIQUINA,888
Vamos por Chile,MARIQUINA,1100
Apruebo Dignidad,MAULE,529
Del pueblo,MAULE,1040
Lista del apruebo,MAULE,1211
Nueva Constitucion,MAULE,400
Otros,MAULE,888
Vamos por Chile,MAULE,1100
Apruebo Dignidad,MAULLIN,523
Del pueblo,MAULLIN,687
Lista del apruebo,MAULLIN,738
Nueva Constitucion,MAULLIN,891
Otros,MAULLIN,329
Vamos por Chile,MAULLIN,1726
Apruebo Dignidad,MEJILLONES,722
Del pueblo,MEJILLONES,462
Lista del apruebo,MEJILLONES,691
Nueva Constitucion,MEJILLONES,372
Otros,MEJILLONES,1796
Vamos por Chile,MEJILLONES,397
Apruebo Dignidad,MELIPEUCO,71
Del pueblo,MELIPEUCO,226
Lista del apruebo,MELIPEUCO,449
Nueva Constitucion,MELIPEUCO,183
Otros,MELIPEUCO,385
Vamos por Chile,MELIPEUCO,349
Apruebo Dignidad,MELIPILLA,71
Del pueblo,MELIPILLA,3649
Lista del apruebo,MELIPILLA,449
Nueva Constitucion,MELIPILLA,183
Otros,MELIPILLA,385
Vamos por Chile,MELIPILLA,349
Apruebo Dignidad,MOLINA,3127
Del pueblo,MOLINA,3643
Lista del apruebo,MOLINA,2654
Nueva Constitucion,MOLINA,1406
Otros,MOLINA,2305
Vamos por Chile,MOLINA,3339
Apruebo Dignidad,MONTE PATRIA,1209
Del pueblo,MONTE PATRIA,2205
Lista del apruebo,MONTE PATRIA,1856
Otros,MONTE PATRIA,3320
Vamos por Chile,MONTE PATRIA,1525
Apruebo Dignidad,MOSTAZAL,1209
Del pueblo,MOSTAZAL,1785
Lista del apruebo,MOSTAZAL,1856
Otros,MOSTAZAL,3320
Vamos por Chile,MOSTAZAL,1525
Apruebo Dignidad,MULCHEN,936
Lista del apruebo,MULCHEN,1948
Nueva Constitucion,MULCHEN,1376
Otros,MULCHEN,2178
Vamos por Chile,MULCHEN,1395
Apruebo Dignidad,NACIMIENTO,831
Lista del apruebo,NACIMIENTO,656
Nueva Constitucion,NACIMIENTO,725
Otros,NACIMIENTO,5204
Vamos por Chile,NACIMIENTO,955
Apruebo Dignidad,NANCAGUA,1196
Del pueblo,NANCAGUA,515
Lista del apruebo,NANCAGUA,1522
Otros,NANCAGUA,1628
Vamos por Chile,NANCAGUA,1469
Apruebo Dignidad,NATALES,1196
Del pueblo,NATALES,1821
Lista del apruebo,NATALES,1522
Otros,NATALES,1628
Vamos por Chile,NATALES,1469
Apruebo Dignidad,NAVIDAD,1026
Del pueblo,NAVIDAD,327
Lista del apruebo,NAVIDAD,834
Nueva Constitucion,NAVIDAD,333
Otros,NAVIDAD,1860
Vamos por Chile,NAVIDAD,1049
Apruebo Dignidad,NEGRETE,337
Lista del apruebo,NEGRETE,433
Nueva Constitucion,NEGRETE,317
Otros,NEGRETE,2127
Vamos por Chile,NEGRETE,480
Apruebo Dignidad,NINHUE,1442
Del pueblo,NINHUE,217
Lista del apruebo,NINHUE,280
Nueva Constitucion,NINHUE,298
Otros,NINHUE,368
Vamos por Chile,NINHUE,611
Apruebo Dignidad,NIQUEN,372
Del pueblo,NIQUEN,542
Lista del apruebo,NIQUEN,337
Nueva Constitucion,NIQUEN,504
Otros,NIQUEN,802
Vamos por Chile,NIQUEN,1256
Apruebo Dignidad,NOGALES,1579
Del pueblo,NOGALES,1479
Lista del apruebo,NOGALES,1324
Nueva Constitucion,NOGALES,822
Otros,NOGALES,2513
Vamos por Chile,NOGALES,853
Apruebo Dignidad,NUEVA IMPERIAL,963
Del pueblo,NUEVA IMPERIAL,1029
Lista del apruebo,NUEVA IMPERIAL,897
Nueva Constitucion,NUEVA IMPERIAL,795
Otros,NUEVA IMPERIAL,2254
Vamos por Chile,NUEVA IMPERIAL,1239
Apruebo Dignidad,NUNOA,28557
Del pueblo,NUNOA,7298
Lista del apruebo,NUNOA,13343
Nueva Constitucion,NUNOA,14104
Otros,NUNOA,18890
Vamos por Chile,NUNOA,25742
Apruebo Dignidad,O'HIGGINS,114
Del pueblo,O'HIGGINS,51
Lista del apruebo,O'HIGGINS,53
Otros,O'HIGGINS,33
Vamos por Chile,O'HIGGINS,93
Apruebo Dignidad,OLIVAR,499
Del pueblo,OLIVAR,1366
Lista del apruebo,OLIVAR,1137
Otros,OLIVAR,1579
Vamos por Chile,OLIVAR,1069
Apruebo Dignidad,OLLAGUE,22
Del pueblo,OLLAGUE,23
Lista del apruebo,OLLAGUE,11
Nueva Constitucion,OLLAGUE,21
Otros,OLLAGUE,53
Vamos por Chile,OLLAGUE,35
Apruebo Dignidad,OLMUE,22
Del pueblo,OLMUE,928
Lista del apruebo,OLMUE,11
Nueva Constitucion,OLMUE,21
Otros,OLMUE,53
Vamos por Chile,OLMUE,35
Apruebo Dignidad,OSORNO,6985
Del pueblo,OSORNO,3367
Lista del apruebo,OSORNO,9340
Nueva Constitucion,OSORNO,5400
Otros,OSORNO,5501
Vamos por Chile,OSORNO,11826
Apruebo Dignidad,OVALLE,8967
Del pueblo,OVALLE,4275
Lista del apruebo,OVALLE,4035
Otros,OVALLE,6749
Vamos por Chile,OVALLE,5376
Apruebo Dignidad,PADRE HURTADO,5379
Del pueblo,PADRE HURTADO,4881
Lista del apruebo,PADRE HURTADO,3318
Nueva Constitucion,PADRE HURTADO,3194
Otros,PADRE HURTADO,1121
Vamos por Chile,PADRE HURTADO,2889
Apruebo Dignidad,PADRE LAS CASAS,2071
Del pueblo,PADRE LAS CASAS,1612
Lista del apruebo,PADRE LAS CASAS,1549
Nueva Constitucion,PADRE LAS CASAS,1593
Otros,PADRE LAS CASAS,3465
Vamos por Chile,PADRE LAS CASAS,1987
Apruebo Dignidad,PAIHUANO,221
Del pueblo,PAIHUANO,553
Lista del apruebo,PAIHUANO,542
Otros,PAIHUANO,733
Vamos por Chile,PAIHUANO,628
Apruebo Dignidad,PAILLACO,936
Del pueblo,PAILLACO,607
Lista del apruebo,PAILLACO,2987
Nueva Constitucion,PAILLACO,383
Otros,PAILLACO,808
Vamos por Chile,PAILLACO,1196
Apruebo Dignidad,PAINE,7057
Del pueblo,PAINE,2278
Lista del apruebo,PAINE,3275
Nueva Constitucion,PAINE,2741
Otros,PAINE,1277
Vamos por Chile,PAINE,4027
Apruebo Dignidad,PALENA,18
Del pueblo,PALENA,19
Lista del apruebo,PALENA,42
Nueva Constitucion,PALENA,634
Otros,PALENA,24
Vamos por Chile,PALENA,157
Apruebo Dignidad,PALMILLA,733
Del pueblo,PALMILLA,397
Lista del apruebo,PALMILLA,746
Otros,PALMILLA,1303
Vamos por Chile,PALMILLA,1417
Apruebo Dignidad,PANGUIPULLI,1197
Del pueblo,PANGUIPULLI,1191
Lista del apruebo,PANGUIPULLI,1175
Nueva Constitucion,PANGUIPULLI,1144
Otros,PANGUIPULLI,1359
Vamos por Chile,PANGUIPULLI,1688
Apruebo Dignidad,PANQUEHUE,395
Del pueblo,PANQUEHUE,452
Lista del apruebo,PANQUEHUE,772
Nueva Constitucion,PANQUEHUE,343
Otros,PANQUEHUE,759
Vamos por Chile,PANQUEHUE,549
Apruebo Dignidad,PAPUDO,1202
Del pueblo,PAPUDO,361
Lista del apruebo,PAPUDO,453
Nueva Constitucion,PAPUDO,225
Otros,PAPUDO,682
Vamos por Chile,PAPUDO,736
Apruebo Dignidad,PAREDONES,1059
Del pueblo,PAREDONES,370
Lista del apruebo,PAREDONES,596
Otros,PAREDONES,701
Vamos por Chile,PAREDONES,943
Apruebo Dignidad,PARRAL,955
Del pueblo,PARRAL,5512
Lista del apruebo,PARRAL,1735
Vamos por Chile,PARRAL,5973
Apruebo Dignidad,PEDRO AGUIRRE CERDA,7039
Del pueblo,PEDRO AGUIRRE CERDA,10557
Lista del apruebo,PEDRO AGUIRRE CERDA,7706
Otros,PEDRO AGUIRRE CERDA,9727
Vamos por Chile,PEDRO AGUIRRE CERDA,3396
Apruebo Dignidad,PELARCO,588
Del pueblo,PELARCO,266
Lista del apruebo,PELARCO,452
Nueva Constitucion,PELARCO,255
Otros,PELARCO,554
Vamos por Chile,PELARCO,1374
Apruebo Dignidad,PELLUHUE,1254
Del pueblo,PELLUHUE,1115
Lista del apruebo,PELLUHUE,874
Vamos por Chile,PELLUHUE,829
Apruebo Dignidad,PEMUCO,368
Del pueblo,PEMUCO,443
Lista del apruebo,PEMUCO,635
Nueva Constitucion,PEMUCO,427
Otros,PEMUCO,460
Vamos por Chile,PEMUCO,1203
Apruebo Dignidad,PENAFLOR,8075
Del pueblo,PENAFLOR,8283
Lista del apruebo,PENAFLOR,5581
Nueva Constitucion,PENAFLOR,4541
Otros,PENAFLOR,1950
Vamos por Chile,PENAFLOR,5173
Apruebo Dignidad,PENALOLEN,20363
Del pueblo,PENALOLEN,20026
Lista del apruebo,PENALOLEN,10066
Nueva Constitucion,PENALOLEN,4665
Otros,PENALOLEN,16657
Vamos por Chile,PENALOLEN,9713
Apruebo Dignidad,PENCAHUE,992
Del pueblo,PENCAHUE,372
Lista del apruebo,PENCAHUE,616
Nueva Constitucion,PENCAHUE,372
Otros,PENCAHUE,682
Vamos por Chile,PENCAHUE,1975
Apruebo Dignidad,PENCO,2527
Del pueblo,PENCO,2308
Lista del apruebo,PENCO,3061
Nueva Constitucion,PENCO,2229
Otros,PENCO,5109
Vamos por Chile,PENCO,2297
Apruebo Dignidad,PERALILLO,20363
Lista del apruebo,PERALILLO,10101
Nueva Constitucion,PERALILLO,4665
Otros,PERALILLO,16657
Vamos por Chile,PERALILLO,9713
Apruebo Dignidad,PERQUENCO,76
Del pueblo,PERQUENCO,252
Lista del apruebo,PERQUENCO,620
Nueva Constitucion,PERQUENCO,242
Otros,PERQUENCO,459
Vamos por Chile,PERQUENCO,492
Apruebo Dignidad,PETORCA,2103
Del pueblo,PETORCA,335
Lista del apruebo,PETORCA,506
Nueva Constitucion,PETORCA,318
Otros,PETORCA,466
Vamos por Chile,PETORCA,410
Apruebo Dignidad,PEUMO,946
Del pueblo,PEUMO,909
Lista del apruebo,PEUMO,868
Otros,PEUMO,2481
Vamos por Chile,PEUMO,804
Apruebo Dignidad,PICA,393
Lista del apruebo,PICA,136
Otros,PICA,773
Vamos por Chile,PICA,550
Apruebo Dignidad,PICHIDEGUA,1116
Del pueblo,PICHIDEGUA,3524
Lista del apruebo,PICHIDEGUA,469
Otros,PICHIDEGUA,1046
Vamos por Chile,PICHIDEGUA,834
Apruebo Dignidad,PICHILEMU,1363
Del pueblo,PICHILEMU,3244
Lista del apruebo,PICHILEMU,893
Otros,PICHILEMU,1110
Vamos por Chile,PICHILEMU,1694
Apruebo Dignidad,PINTO,336
Del pueblo,PINTO,644
Lista del apruebo,PINTO,529
Nueva Constitucion,PINTO,531
Otros,PINTO,689
Vamos por Chile,PINTO,1559
Apruebo Dignidad,PIRQUE,1580
Del pueblo,PIRQUE,1194
Lista del apruebo,PIRQUE,560
Nueva Constitucion,PIRQUE,2697
Otros,PIRQUE,2135
Vamos por Chile,PIRQUE,3368
Apruebo Dignidad,PITRUFQUEN,843
Del pueblo,PITRUFQUEN,679
Lista del apruebo,PITRUFQUEN,869
Nueva Constitucion,PITRUFQUEN,709
Otros,PITRUFQUEN,1896
Vamos por Chile,PITRUFQUEN,1621
Apruebo Dignidad,PLACILLA,1025
Del pueblo,PLACILLA,419
Lista del apruebo,PLACILLA,921
Otros,PLACILLA,741
Vamos por Chile,PLACILLA,933
Apruebo Dignidad,PORTEZUELO,284
Del pueblo,PORTEZUELO,329
Lista del apruebo,PORTEZUELO,331
Nueva Constitucion,PORTEZUELO,298
Otros,PORTEZUELO,328
Vamos por Chile,PORTEZUELO,767
Apruebo Dignidad,PORVENIR,95
Del pueblo,PORVENIR,699
Lista del apruebo,PORVENIR,137
Nueva Constitucion,PORVENIR,34
Otros,PORVENIR,1013
Vamos por Chile,PORVENIR,217
Apruebo Dignidad,POZO ALMONTE,787
Lista del apruebo,POZO ALMONTE,313
Otros,POZO ALMONTE,1700
Vamos por Chile,POZO ALMONTE,540
Apruebo Dignidad,PRIMAVERA,45
Del pueblo,PRIMAVERA,65
Lista del apruebo,PRIMAVERA,126
Nueva Constitucion,PRIMAVERA,45
Otros,PRIMAVERA,112
Vamos por Chile,PRIMAVERA,69
Apruebo Dignidad,PROVIDENCIA,18751
Del pueblo,PROVIDENCIA,3164
Lista del apruebo,PROVIDENCIA,10068
Nueva Constitucion,PROVIDENCIA,11282
Otros,PROVIDENCIA,9999
Vamos por Chile,PROVIDENCIA,31476
Apruebo Dignidad,PUCHUNCAVI,979
Del pueblo,PUCHUNCAVI,1360
Lista del apruebo,PUCHUNCAVI,811
Nueva Constitucion,PUCHUNCAVI,1503
Otros,PUCHUNCAVI,2182
Vamos por Chile,PUCHUNCAVI,1157
Apruebo Dignidad,PUCON,743
Del pueblo,PUCON,1300
Lista del apruebo,PUCON,669
Nueva Constitucion,PUCON,798
Otros,PUCON,3014
Vamos por Chile,PUCON,1860
Apruebo Dignidad,PUDAHUEL,23413
Del pueblo,PUDAHUEL,14391
Lista del apruebo,PUDAHUEL,6466
Otros,PUDAHUEL,15596
Vamos por Chile,PUDAHUEL,6956
Apruebo Dignidad,PUENTE ALTO,25369
Del pueblo,PUENTE ALTO,35245
Lista del apruebo,PUENTE ALTO,7898
Nueva Constitucion,PUENTE ALTO,29665
Otros,PUENTE ALTO,39368
Vamos por Chile,PUENTE ALTO,24749
Apruebo Dignidad,PUERTO MONTT,10291
Del pueblo,PUERTO MONTT,13613
Lista del apruebo,PUERTO MONTT,13616
Nueva Constitucion,PUERTO MONTT,8485
Otros,PUERTO MONTT,5166
Vamos por Chile,PUERTO MONTT,15711
Apruebo Dignidad,PUERTO OCTAY,516
Del pueblo,PUERTO OCTAY,171
Lista del apruebo,PUERTO OCTAY,631
Nueva Constitucion,PUERTO OCTAY,352
Otros,PUERTO OCTAY,299
Vamos por Chile,PUERTO OCTAY,887
Apruebo Dignidad,PUERTO VARAS,2523
Del pueblo,PUERTO VARAS,1026
Lista del apruebo,PUERTO VARAS,2383
Nueva Constitucion,PUERTO VARAS,1996
Otros,PUERTO VARAS,2751
Vamos por Chile,PUERTO VARAS,6670
Apruebo Dignidad,PUMANQUE,313
Del pueblo,PUMANQUE,240
Lista del apruebo,PUMANQUE,273
Otros,PUMANQUE,698
Vamos por Chile,PUMANQUE,964
Apruebo Dignidad,PUNITAQUI,999
Del pueblo,PUNITAQUI,491
Lista del apruebo,PUNITAQUI,650
Otros,PUNITAQUI,1340
Vamos por Chile,PUNITAQUI,540
Apruebo Dignidad,PUNTA ARENAS,7744
Del pueblo,PUNTA ARENAS,6594
Lista del apruebo,PUNTA ARENAS,5530
Nueva Constitucion,PUNTA ARENAS,3628
Otros,PUNTA ARENAS,10693
Vamos por Chile,PUNTA ARENAS,7952
Apruebo Dignidad,PUQUELDON,7744
Del pueblo,PUQUELDON,407
Lista del apruebo,PUQUELDON,5530
Nueva Constitucion,PUQUELDON,3628
Otros,PUQUELDON,10693
Vamos por Chile,PUQUELDON,7952
Apruebo Dignidad,PUREN,66
Del pueblo,PUREN,196
Lista del apruebo,PUREN,273
Nueva Constitucion,PUREN,2076
Otros,PUREN,769
Vamos por Chile,PUREN,646
Apruebo Dignidad,PURRANQUE,649
Del pueblo,PURRANQUE,406
Lista del apruebo,PURRANQUE,1405
Nueva Constitucion,PURRANQUE,575
Otros,PURRANQUE,661
Vamos por Chile,PURRANQUE,2006
Apruebo Dignidad,PUTAENDO,480
Del pueblo,PUTAENDO,491
Lista del apruebo,PUTAENDO,692
Nueva Constitucion,PUTAENDO,312
Otros,PUTAENDO,3249
Vamos por Chile,PUTAENDO,547
Apruebo Dignidad,PUTRE,83
Lista del apruebo,PUTRE,108
Nueva Constitucion,PUTRE,60
Otros,PUTRE,256
Vamos por Chile,PUTRE,143
Apruebo Dignidad,PUYEHUE,440
Del pueblo,PUYEHUE,174
Lista del apruebo,PUYEHUE,1019
Nueva Constitucion,PUYEHUE,377
Otros,PUYEHUE,702
Vamos por Chile,PUYEHUE,1240
Apruebo Dignidad,QUEILEN,140
Del pueblo,QUEILEN,473
Lista del apruebo,QUEILEN,711
Nueva Constitucion,QUEILEN,165
Otros,QUEILEN,229
Vamos por Chile,QUEILEN,252
Apruebo Dignidad,QUELLON,467
Del pueblo,QUELLON,1183
Lista del apruebo,QUELLON,1807
Nueva Constitucion,QUELLON,546
Otros,QUELLON,416
Vamos por Chile,QUELLON,767
Apruebo Dignidad,QUEMCHI,211
Del pueblo,QUEMCHI,364
Lista del apruebo,QUEMCHI,1015
Nueva Constitucion,QUEMCHI,255
Otros,QUEMCHI,144
Vamos por Chile,QUEMCHI,449
Apruebo Dignidad,QUILACO,183
Lista del apruebo,QUILACO,511
Nueva Constitucion,QUILACO,289
Otros,QUILACO,376
Vamos por Chile,QUILACO,486
Apruebo Dignidad,QUILICURA,20981
Del pueblo,QUILICURA,15817
Lista del apruebo,QUILICURA,5522
Otros,QUILICURA,11906
Vamos por Chile,QUILICURA,6623
Apruebo Dignidad,QUILLECO,20981
Lista del apruebo,QUILLECO,5522
Otros,QUILLECO,11906
Vamos por Chile,QUILLECO,6623
Apruebo Dignidad,QUILLON,421
Del pueblo,QUILLON,857
Lista del apruebo,QUILLON,915
Nueva Constitucion,QUILLON,725
Otros,QUILLON,969
Vamos por Chile,QUILLON,1242
Apruebo Dignidad,QUILLOTA,4340
Del pueblo,QUILLOTA,4610
Lista del apruebo,QUILLOTA,5271
Nueva Constitucion,QUILLOTA,2176
Otros,QUILLOTA,7318
Vamos por Chile,QUILLOTA,4493
Apruebo Dignidad,QUILPUE,8477
Del pueblo,QUILPUE,10928
Lista del apruebo,QUILPUE,7008
Nueva Constitucion,QUILPUE,4717
Otros,QUILPUE,13598
Vamos por Chile,QUILPUE,10158
Apruebo Dignidad,QUINCHAO,165
Del pueblo,QUINCHAO,595
Lista del apruebo,QUINCHAO,1026
Nueva Constitucion,QUINCHAO,199
Otros,QUINCHAO,166
Vamos por Chile,QUINCHAO,283
Apruebo Dignidad,QUINTA DE TILCOCO,864
Del pueblo,QUINTA DE TILCOCO,1051
Lista del apruebo,QUINTA DE TILCOCO,816
Otros,QUINTA DE TILCOCO,1910
Vamos por Chile,QUINTA DE TILCOCO,862
Apruebo Dignidad,QUINTA NORMAL,7162
Del pueblo,QUINTA NORMAL,8749
Lista del apruebo,QUINTA NORMAL,5247
Nueva Constitucion,QUINTA NORMAL,3129
Otros,QUINTA NORMAL,10359
Vamos por Chile,QUINTA NORMAL,4829
Apruebo Dignidad,QUINTERO,1282
Del pueblo,QUINTERO,1997
Lista del apruebo,QUINTERO,1176
Nueva Constitucion,QUINTERO,1073
Otros,QUINTERO,2909
Vamos por Chile,QUINTERO,1481
Apruebo Dignidad,QUIRIHUE,2159
Del pueblo,QUIRIHUE,370
Lista del apruebo,QUIRIHUE,460
Nueva Constitucion,QUIRIHUE,463
Otros,QUIRIHUE,475
Vamos por Chile,QUIRIHUE,802
Apruebo Dignidad,RANCAGUA,8208
Del pueblo,RANCAGUA,16657
Lista del apruebo,RANCAGUA,10374
Otros,RANCAGUA,25727
Vamos por Chile,RANCAGUA,11512
Apruebo Dignidad,RANQUIL,191
Del pueblo,RANQUIL,843
Lista del apruebo,RANQUIL,311
Nueva Constitucion,RANQUIL,250
Otros,RANQUIL,492
Vamos por Chile,RANQUIL,926
Apruebo Dignidad,RAUCO,597
Del pueblo,RAUCO,691
Lista del apruebo,RAUCO,624
Nueva Constitucion,RAUCO,364
Otros,RAUCO,549
Vamos por Chile,RAUCO,1109
Apruebo Dignidad,RECOLETA,11681
Del pueblo,RECOLETA,12675
Lista del apruebo,RECOLETA,3953
Nueva Constitucion,RECOLETA,4547
Otros,RECOLETA,12828
Vamos por Chile,RECOLETA,7392
Apruebo Dignidad,RENAICO,146
Del pueblo,RENAICO,399
Lista del apruebo,RENAICO,1051
Nueva Constitucion,RENAICO,431
Otros,RENAICO,828
Vamos por Chile,RENAICO,834
Apruebo Dignidad,RENCA,8422
Del pueblo,RENCA,10600
Lista del apruebo,RENCA,5773
Nueva Constitucion,RENCA,4234
Otros,RENCA,10995
Vamos por Chile,RENCA,3225
Apruebo Dignidad,RENGO,3614
Del pueblo,RENGO,3271
Lista del apruebo,RENGO,2342
Otros,RENGO,7388
Vamos por Chile,RENGO,2705
Apruebo Dignidad,REQUINOA,854
Del pueblo,REQUINOA,1401
Lista del apruebo,REQUINOA,1280
Otros,REQUINOA,2940
Vamos por Chile,REQUINOA,2632
Apruebo Dignidad,RETIRO,560
Del pueblo,RETIRO,1838
Lista del apruebo,RETIRO,1117
Vamos por Chile,RETIRO,3333
Apruebo Dignidad,RINCONADA,591
Del pueblo,RINCONADA,727
Lista del apruebo,RINCONADA,937
Nueva Constitucion,RINCONADA,487
Otros,RINCONADA,1376
Vamos por Chile,RINCONADA,1049
Apruebo Dignidad,RIO BUENO,787
Del pueblo,RIO BUENO,1149
Lista del apruebo,RIO BUENO,1594
Nueva Constitucion,RIO BUENO,650
Otros,RIO BUENO,1481
Vamos por Chile,RIO BUENO,2233
Apruebo Dignidad,RIO CLARO,1072
Del pueblo,RIO CLARO,545
Lista del apruebo,RIO CLARO,573
Nueva Constitucion,RIO CLARO,401
Otros,RIO CLARO,640
Vamos por Chile,RIO CLARO,1837
Apruebo Dignidad,RIO HURTADO,610
Del pueblo,RIO HURTADO,322
Lista del apruebo,RIO HURTADO,293
Otros,RIO HURTADO,469
Vamos por Chile,RIO HURTADO,306
Apruebo Dignidad,RIO IBANEZ,125
Del pueblo,RIO IBANEZ,285
Lista del apruebo,RIO IBANEZ,233
Otros,RIO IBANEZ,60
Vamos por Chile,RIO IBANEZ,469
Apruebo Dignidad,RIO NEGRO,471
Del pueblo,RIO NEGRO,237
Lista del apruebo,RIO NEGRO,922
Nueva Constitucion,RIO NEGRO,661
Otros,RIO NEGRO,433
Vamos por Chile,RIO NEGRO,1542
Apruebo Dignidad,RIO VERDE,56
Del pueblo,RIO VERDE,39
Lista del apruebo,RIO VERDE,34
Nueva Constitucion,RIO VERDE,30
Otros,RIO VERDE,107
Vamos por Chile,RIO VERDE,126
Apruebo Dignidad,ROMERAL,742
Del pueblo,ROMERAL,562
Lista del apruebo,ROMERAL,789
Nueva Constitucion,ROMERAL,362
Otros,ROMERAL,1652
Vamos por Chile,ROMERAL,1550
Apruebo Dignidad,SAAVEDRA,170
Del pueblo,SAAVEDRA,1416
Lista del apruebo,SAAVEDRA,192
Nueva Constitucion,SAAVEDRA,141
Otros,SAAVEDRA,481
Vamos por Chile,SAAVEDRA,243
Apruebo Dignidad,SAGRADA FAMILIA,1300
Del pueblo,SAGRADA FAMILIA,1056
Lista del apruebo,SAGRADA FAMILIA,1147
Nueva Constitucion,SAGRADA FAMILIA,515
Otros,SAGRADA FAMILIA,1199
Vamos por Chile,SAGRADA FAMILIA,1765
Apruebo Dignidad,SALAMANCA,614
Del pueblo,SALAMANCA,4474
Lista del apruebo,SALAMANCA,702
Otros,SALAMANCA,1593
Vamos por Chile,SALAMANCA,1742
Apruebo Dignidad,SAN ANTONIO,12227
Del pueblo,SAN ANTONIO,6019
Lista del apruebo,SAN ANTONIO,2957
Nueva Constitucion,SAN ANTONIO,2114
Otros,SAN ANTONIO,5505
Vamos por Chile,SAN ANTONIO,2570
Apruebo Dignidad,SAN BERNARDO,12227
Del pueblo,SAN BERNARDO,19115
Lista del apruebo,SAN BERNARDO,2957
Nueva Constitucion,SAN BERNARDO,2114
Otros,SAN BERNARDO,5505
Vamos por Chile,SAN BERNARDO,2570
Apruebo Dignidad,SAN CARLOS,1294
Del pueblo,SAN CARLOS,3035
Lista del apruebo,SAN CARLOS,2123
Nueva Constitucion,SAN CARLOS,1716
Otros,SAN CARLOS,2192
Vamos por Chile,SAN CARLOS,3519
Apruebo Dignidad,SAN CLEMENTE,2802
Del pueblo,SAN CLEMENTE,1088
Lista del apruebo,SAN CLEMENTE,2060
Nueva Constitucion,SAN CLEMENTE,712
Otros,SAN CLEMENTE,2878
Vamos por Chile,SAN CLEMENTE,2868
Apruebo Dignidad,SAN ESTEBAN,883
Del pueblo,SAN ESTEBAN,1262
Lista del apruebo,SAN ESTEBAN,1437
Nueva Constitucion,SAN ESTEBAN,777
Otros,SAN ESTEBAN,2047
Vamos por Chile,SAN ESTEBAN,964
Apruebo Dignidad,SAN FABIAN,82
Del pueblo,SAN FABIAN,1893
Lista del apruebo,SAN FABIAN,97
Nueva Constitucion,SAN FABIAN,136
Otros,SAN FABIAN,184
Vamos por Chile,SAN FABIAN,317
Apruebo Dignidad,SAN FELIPE,4214
Del pueblo,SAN FELIPE,3333
Lista del apruebo,SAN FELIPE,4352
Nueva Constitucion,SAN FELIPE,1912
Otros,SAN FELIPE,6048
Vamos por Chile,SAN FELIPE,3624
Apruebo Dignidad,SAN FERNANDO,7979
Del pueblo,SAN FERNANDO,3161
Lista del apruebo,SAN FERNANDO,3715
Otros,SAN FERNANDO,4430
Vamos por Chile,SAN FERNANDO,7440
Apruebo Dignidad,SAN GREGORIO,35
Del pueblo,SAN GREGORIO,33
Lista del apruebo,SAN GREGORIO,63
Nueva Constitucion,SAN GREGORIO,26
Otros,SAN GREGORIO,70
Vamos por Chile,SAN GREGORIO,65
Apruebo Dignidad,SAN IGNACIO,453
Del pueblo,SAN IGNACIO,857
Lista del apruebo,SAN IGNACIO,666
Nueva Constitucion,SAN IGNACIO,769
Otros,SAN IGNACIO,904
Vamos por Chile,SAN IGNACIO,1439
Apruebo Dignidad,SAN JAVIER,2147
Del pueblo,SAN JAVIER,3726
Lista del apruebo,SAN JAVIER,3111
Vamos por Chile,SAN JAVIER,3627
Apruebo Dignidad,SAN JOAQUIN,6763
Del pueblo,SAN JOAQUIN,6253
Lista del apruebo,SAN JOAQUIN,5150
Nueva Constitucion,SAN JOAQUIN,3504
Otros,SAN JOAQUIN,9208
Vamos por Chile,SAN JOAQUIN,3147
Apruebo Dignidad,SAN JOSE DE MAIPO,1716
Del pueblo,SAN JOSE DE MAIPO,668
Lista del apruebo,SAN JOSE DE MAIPO,545
Nueva Constitucion,SAN JOSE DE MAIPO,1662
Otros,SAN JOSE DE MAIPO,1741
Vamos por Chile,SAN JOSE DE MAIPO,1358
Apruebo Dignidad,SAN JUAN DE LA COSTA,1716
Del pueblo,SAN JUAN DE LA COSTA,50
Lista del apruebo,SAN JUAN DE LA COSTA,545
Nueva Constitucion,SAN JUAN DE LA COSTA,1662
Otros,SAN JUAN DE LA COSTA,1741
Vamos por Chile,SAN JUAN DE LA COSTA,1358
Apruebo Dignidad,SAN MIGUEL,7231
Del pueblo,SAN MIGUEL,10073
Lista del apruebo,SAN MIGUEL,9014
Otros,SAN MIGUEL,10467
Vamos por Chile,SAN MIGUEL,7768
Apruebo Dignidad,SAN NICOLAS,527
Del pueblo,SAN NICOLAS,920
Lista del apruebo,SAN NICOLAS,1086
Nueva Constitucion,SAN NICOLAS,611
Otros,SAN NICOLAS,949
Vamos por Chile,SAN NICOLAS,1115
Apruebo Dignidad,SAN PABLO,375
Del pueblo,SAN PABLO,129
Lista del apruebo,SAN PABLO,678
Nueva Constitucion,SAN PABLO,290
Otros,SAN PABLO,550
Vamos por Chile,SAN PABLO,916
Apruebo Dignidad,SAN PEDRO,568
Del pueblo,SAN PEDRO,300
Lista del apruebo,SAN PEDRO,1248
Nueva Constitucion,SAN PEDRO,372
Otros,SAN PEDRO,177
Vamos por Chile,SAN PEDRO,821
Apruebo Dignidad,SAN PEDRO DE ATACAMA,158
Del pueblo,SAN PEDRO DE ATACAMA,421
Lista del apruebo,SAN PEDRO DE ATACAMA,103
Nueva Constitucion,SAN PEDRO DE ATACAMA,128
Otros,SAN PEDRO DE ATACAMA,529
Vamos por Chile,SAN PEDRO DE ATACAMA,134
Apruebo Dignidad,SAN PEDRO DE LA PAZ,4679
Del pueblo,SAN PEDRO DE LA PAZ,3341
Lista del apruebo,SAN PEDRO DE LA PAZ,4758
Nueva Constitucion,SAN PEDRO DE LA PAZ,4499
Otros,SAN PEDRO DE LA PAZ,10970
Vamos por Chile,SAN PEDRO DE LA PAZ,8178
Apruebo Dignidad,SAN RAFAEL,805
Del pueblo,SAN RAFAEL,385
Lista del apruebo,SAN RAFAEL,527
Nueva Constitucion,SAN RAFAEL,232
Otros,SAN RAFAEL,600
Vamos por Chile,SAN RAFAEL,1127
Apruebo Dignidad,SAN RAMON,4386
Del pueblo,SAN RAMON,8910
Lista del apruebo,SAN RAMON,6460
Otros,SAN RAMON,8050
Vamos por Chile,SAN RAMON,3558
Apruebo Dignidad,SAN ROSENDO,219
Lista del apruebo,SAN ROSENDO,642
Nueva Constitucion,SAN ROSENDO,638
Otros,SAN ROSENDO,460
Vamos por Chile,SAN ROSENDO,265
Apruebo Dignidad,SAN VICENTE,1988
Del pueblo,SAN VICENTE,2795
Lista del apruebo,SAN VICENTE,1692
Otros,SAN VICENTE,7505
Vamos por Chile,SAN VICENTE,2903
Apruebo Dignidad,SANTA BARBARA,371
Lista del apruebo,SANTA BARBARA,723
Nueva Constitucion,SANTA BARBARA,434
Otros,SANTA BARBARA,1054
Vamos por Chile,SANTA BARBARA,1045
Apruebo Dignidad,SANTA CRUZ,1753
Del pueblo,SANTA CRUZ,691
Lista del apruebo,SANTA CRUZ,1635
Otros,SANTA CRUZ,4171
Vamos por Chile,SANTA CRUZ,3465
Apruebo Dignidad,SANTA JUANA,834
Del pueblo,SANTA JUANA,405
Lista del apruebo,SANTA JUANA,821
Nueva Constitucion,SANTA JUANA,580
Otros,SANTA JUANA,1406
Vamos por Chile,SANTA JUANA,911
Apruebo Dignidad,SANTA MARIA,611
Del pueblo,SANTA MARIA,732
Lista del apruebo,SANTA MARIA,1378
Nueva Constitucion,SANTA MARIA,441
Otros,SANTA MARIA,1149
Vamos por Chile,SANTA MARIA,669
Apruebo Dignidad,SANTIAGO,27343
Del pueblo,SANTIAGO,12255
Lista del apruebo,SANTIAGO,15034
Nueva Constitucion,SANTIAGO,12315
Otros,SANTIAGO,25242
Vamos por Chile,SANTIAGO,21296
Apruebo Dignidad,SANTO DOMINGO,1072
Del pueblo,SANTO DOMINGO,630
Lista del apruebo,SANTO DOMINGO,782
Nueva Constitucion,SANTO DOMINGO,285
Otros,SANTO DOMINGO,767
Vamos por Chile,SANTO DOMINGO,2412
Apruebo Dignidad,SIERRA GORDA,153
Del pueblo,SIERRA GORDA,141
Lista del apruebo,SIERRA GORDA,221
Nueva Constitucion,SIERRA GORDA,78
Otros,SIERRA GORDA,244
Vamos por Chile,SIERRA GORDA,153
Apruebo Dignidad,TALAGANTE,5729
Del pueblo,TALAGANTE,6660
Lista del apruebo,TALAGANTE,5012
Nueva Constitucion,TALAGANTE,2583
Otros,TALAGANTE,1358
Vamos por Chile,TALAGANTE,4808
Apruebo Dignidad,TALCA,17310
Del pueblo,TALCA,6048
Lista del apruebo,TALCA,6248
Nueva Constitucion,TALCA,5558
Otros,TALCA,16921
Vamos por Chile,TALCA,17770
Apruebo Dignidad,TALCAHUANO,6046
Del pueblo,TALCAHUANO,6650
Lista del apruebo,TALCAHUANO,5670
Nueva Constitucion,TALCAHUANO,5912
Otros,TALCAHUANO,13595
Vamos por Chile,TALCAHUANO,8035
Apruebo Dignidad,TALTAL,382
Del pueblo,TALTAL,1831
Lista del apruebo,TALTAL,444
Nueva Constitucion,TALTAL,315
Otros,TALTAL,866
Vamos por Chile,TALTAL,372
Apruebo Dignidad,TEMUCO,7826
Del pueblo,TEMUCO,7914
Lista del apruebo,TEMUCO,10922
Nueva Constitucion,TEMUCO,8881
Otros,TEMUCO,20165
Vamos por Chile,TEMUCO,17755
Apruebo Dignidad,TENO,1577
Del pueblo,TENO,3069
Lista del apruebo,TENO,699
Nueva Constitucion,TENO,452
Otros,TENO,833
Vamos por Chile,TENO,1654
Apruebo Dignidad,TEODORO SCHMIDT,269
Del pueblo,TEODORO SCHMIDT,357
Lista del apruebo,TEODORO SCHMIDT,382
Nueva Constitucion,TEODORO SCHMIDT,351
Otros,TEODORO SCHMIDT,868
Vamos por Chile,TEODORO SCHMIDT,981
Apruebo Dignidad,TIERRA AMARILLA,1339
Del pueblo,TIERRA AMARILLA,669
Lista del apruebo,TIERRA AMARILLA,784
Nueva Constitucion,TIERRA AMARILLA,663
Otros,TIERRA AMARILLA,462
Vamos por Chile,TIERRA AMARILLA,552
Apruebo Dignidad,TILTIL,2581
Del pueblo,TILTIL,861
Lista del apruebo,TILTIL,631
Otros,TILTIL,1212
Vamos por Chile,TILTIL,997
Apruebo Dignidad,TIMAUKEL,32
Del pueblo,TIMAUKEL,18
Lista del apruebo,TIMAUKEL,32
Nueva Constitucion,TIMAUKEL,16
Otros,TIMAUKEL,96
Vamos por Chile,TIMAUKEL,67
Apruebo Dignidad,TIRUA,163
Lista del apruebo,TIRUA,65
Nueva Constitucion,TIRUA,431
Otros,TIRUA,229
Vamos por Chile,TIRUA,244
Apruebo Dignidad,TOCOPILLA,527
Del pueblo,TOCOPILLA,3935
Lista del apruebo,TOCOPILLA,591
Nueva Constitucion,TOCOPILLA,404
Otros,TOCOPILLA,1429
Vamos por Chile,TOCOPILLA,539
Apruebo Dignidad,TOLTEN,158
Del pueblo,TOLTEN,218
Lista del apruebo,TOLTEN,194
Nueva Constitucion,TOLTEN,247
Otros,TOLTEN,852
Vamos por Chile,TOLTEN,766
Apruebo Dignidad,TOME,2792
Del pueblo,TOME,2030
Lista del apruebo,TOME,2720
Nueva Constitucion,TOME,1918
Otros,TOME,5111
Vamos por Chile,TOME,5349
Apruebo Dignidad,TORRES DEL PAINE,154
Del pueblo,TORRES DEL PAINE,128
Lista del apruebo,TORRES DEL PAINE,105
Nueva Constitucion,TORRES DEL PAINE,49
Otros,TORRES DEL PAINE,229
Vamos por Chile,TORRES DEL PAINE,159
Apruebo Dignidad,TORTEL,50
Del pueblo,TORTEL,108
Lista del apruebo,TORTEL,69
Otros,TORTEL,20
Vamos por Chile,TORTEL,56
Apruebo Dignidad,TRAIGUEN,196
Del pueblo,TRAIGUEN,440
Lista del apruebo,TRAIGUEN,1027
Nueva Constitucion,TRAIGUEN,455
Otros,TRAIGUEN,877
Vamos por Chile,TRAIGUEN,1834
Apruebo Dignidad,TREHUACO,660
Del pueblo,TREHUACO,485
Lista del apruebo,TREHUACO,487
Nueva Constitucion,TREHUACO,470
Otros,TREHUACO,486
Vamos por Chile,TREHUACO,677
Apruebo Dignidad,TUCAPEL,622
Lista del apruebo,TUCAPEL,881
Nueva Constitucion,TUCAPEL,660
Otros,TUCAPEL,1515
Vamos por Chile,TUCAPEL,958
Apruebo Dignidad,VALDIVIA,8452
Del pueblo,VALDIVIA,8217
Lista del apruebo,VALDIVIA,15011
Nueva Constitucion,VALDIVIA,3911
Otros,VALDIVIA,8932
Vamos por Chile,VALDIVIA,9649
Apruebo Dignidad,VALLENAR,2639
Del pueblo,VALLENAR,3101
Lista del apruebo,VALLENAR,2831
Nueva Constitucion,VALLENAR,3644
Otros,VALLENAR,1194
Vamos por Chile,VALLENAR,1565
Apruebo Dignidad,VALPARAISO,24706
Del pueblo,VALPARAISO,29066
Lista del apruebo,VALPARAISO,13395
Nueva Constitucion,VALPARAISO,6984
Otros,VALPARAISO,17571
Vamos por Chile,VALPARAISO,17737
Apruebo Dignidad,VICHUQUEN,348
Del pueblo,VICHUQUEN,307
Lista del apruebo,VICHUQUEN,758
Nueva Constitucion,VICHUQUEN,333
Otros,VICHUQUEN,358
Vamos por Chile,VICHUQUEN,871
Apruebo Dignidad,VICTORIA,276
Del pueblo,VICTORIA,916
Lista del apruebo,VICTORIA,2290
Nueva Constitucion,VICTORIA,675
Otros,VICTORIA,1633
Vamos por Chile,VICTORIA,3713
Apruebo Dignidad,VICUNA,1492
Del pueblo,VICUNA,2408
Lista del apruebo,VICUNA,2060
Otros,VICUNA,2459
Vamos por Chile,VICUNA,1508
Apruebo Dignidad,VILCUN,1492
Del pueblo,VILCUN,915
Lista del apruebo,VILCUN,2060
Otros,VILCUN,2459
Vamos por Chile,VILCUN,1508
Apruebo Dignidad,VILLA ALEGRE,973
Del pueblo,VILLA ALEGRE,1250
Lista del apruebo,VILLA ALEGRE,987
Vamos por Chile,VILLA ALEGRE,2542
Apruebo Dignidad,VILLA ALEMANA,7857
Del pueblo,VILLA ALEMANA,7878
Lista del apruebo,VILLA ALEMANA,3874
Nueva Constitucion,VILLA ALEMANA,3252
Otros,VILLA ALEMANA,8408
Vamos por Chile,VILLA ALEMANA,7703
Apruebo Dignidad,VILLARRICA,1319
Del pueblo,VILLARRICA,3206
Lista del apruebo,VILLARRICA,1557
Nueva Constitucion,VILLARRICA,1464
Otros,VILLARRICA,4094
Vamos por Chile,VILLARRICA,3336
Apruebo Dignidad,VINA DEL MAR,29306
Del pueblo,VINA DEL MAR,21446
Lista del apruebo,VINA DEL MAR,16648
Nueva Constitucion,VINA DEL MAR,7631
Otros,VINA DEL MAR,14495
Vamos por Chile,VINA DEL MAR,33101
Apruebo Dignidad,VITACURA,2956
Del pueblo,VITACURA,1017
Lista del apruebo,VITACURA,6706
Nueva Constitucion,VITACURA,909
Otros,VITACURA,8587
Vamos por Chile,VITACURA,35571
Apruebo Dignidad,YERBAS BUENAS,921
Del pueblo,YERBAS BUENAS,1473
Lista del apruebo,YERBAS BUENAS,1677
Vamos por Chile,YERBAS BUENAS,1416
Apruebo Dignidad,YUMBEL,771
Lista del apruebo,YUMBEL,778
Nueva Constitucion,YUMBEL,3293
Otros,YUMBEL,1587
Vamos por Chile,YUMBEL,1008
Apruebo Dignidad,YUNGAY,527
Del pueblo,YUNGAY,1646
Lista del apruebo,YUNGAY,894
Nueva Constitucion,YUNGAY,698
Otros,YUNGAY,1064
Vamos por Chile,YUNGAY,1190
Apruebo Dignidad,ZAPALLAR,1140
Del pueblo,ZAPALLAR,540
Lista del apruebo,ZAPALLAR,720
Nueva Constitucion,ZAPALLAR,362
Otros,ZAPALLAR,823
Vamos por Chile,ZAPALLAR,1863
